"Reference","Qty","Value","DNP","Exclude from BOM","Exclude from Board","Footprint","Datasheet"
"C1,C2","2","100uf","","","","Capacitor_THT:CP_Radial_D8.0mm_P3.80mm","~"
"C9","1",".1uf","","","","Capacitor_SMD:C_0805_2012Metric_Pad1.18x1.45mm_HandSolder","~"
"D1","1","D","","","","Diode_SMD:D_SOD-123","~"
"D2","1","SS34","","","","Diode_SMD:D_SMA","https://www.vishay.com/docs/88751/ss32.pdf"
"F1","1","Polyfuse","","","","Fuse:Fuse_Bourns_MF-RHT300","~"
"H1,H2,H3,H4","4","MountingHole_Pad","","Excluded from BOM","","MountingHole:MountingHole_3.2mm_M3_ISO7380_Pad_TopBottom","~"
"J1","1","Conn_01x04","","","","Connector_PinHeader_2.54mm:PinHeader_1x04_P2.54mm_Vertical","~"
"J2,J3","2","DIN-5_180degree","","","","music-table-footprints:MIDI_Wire_245","http://www.mouser.com/ds/2/18/40_c091_abd_e-75918.pdf"
"J4","1","Barrel_Jack_MountingPin","","","","Connector_BarrelJack:BarrelJack_CUI_PJ-102AH_Horizontal","~"
"J7","1","Conn_02x05_Odd_Even","","","","Connector_IDC:IDC-Header_2x05_P2.54mm_Vertical","~"
"J8","1","Conn_02x13_Counter_Clockwise","","","","Connector_IDC:IDC-Header_2x13_P2.54mm_Vertical","~"
"R1","1","10","","","","Resistor_SMD:R_0805_2012Metric_Pad1.20x1.40mm_HandSolder","~"
"R2","1","33","","","","Resistor_SMD:R_0805_2012Metric_Pad1.20x1.40mm_HandSolder","~"
"R3","1","220","","","","Resistor_SMD:R_0805_2012Metric_Pad1.20x1.40mm_HandSolder","~"
"R4","1","470","","","","Resistor_SMD:R_0805_2012Metric_Pad1.20x1.40mm_HandSolder","~"
"R5","1","1k","","","","Resistor_SMD:R_0805_2012Metric_Pad1.20x1.40mm_HandSolder","~"
"SW9","1","SW_SPST 24V","","","","Connector_JST:JST_XH_B2B-XH-AM_1x02_P2.50mm_Vertical","~"
"U1","1","TMC2209_BTT_V1.3","","","","magnetrone:TMC2209_BTT_V1.3","https://global.bttwiki.com/TMC2209.html"
"U9","1","~","","","","MP1584EN:SRT_MPT1584EN_Module",""
"U10","1","Teensy4.1","","","","magnetrone:Teensy41_AudioShield_RevD",""
"U12","1","6N137","","","","Package_DIP:DIP-8_W7.62mm","https://docs.broadcom.com/docs/AV02-0940EN"
